Test,window_size,window_start,p_value,accept,stat_obs,stat_crit
Chi2_Test(nb_bins = 10),1000,0,0.9932261099697361,True,1.88,16.918977604620448
"Gap_Test( intervall =  [ 0.1 , 0.4 ] )",1000,0,0.7440077497567962,True,6.8018714767433375,18.307038053275146
K-S_Test,1000,0,0.977844396720925,True,0.47475548031977854,1.3580986393225505
Maximum_Test ( group_size = 5 ),1000,0,0.7080572178680218,True,0.7019076235029776,1.3580986393225505
Poker_Test( group_size = 5),1000,0,6.671814156700151e-08,False,36.23714993169399,7.814727903251179
Coupon_Collector_Test (nb_coupon = 6),1000,0,0.5535997911279049,True,5.881945374739306,14.067140449340167
