Model,RMSE,MAE,r2
XGBoost,0.40695047023909614,0.20297077750592363,0.9974769746805484
Lasso,2.0888420003982695,1.5623530494472417,0.9335263261249898
