Model,RMSE,MAE,r2
XGBoost,0.38726457846647716,0.2031325271004665,0.9977151691669544
Lasso,2.0888481391745652,1.5623579812585084,0.9335259354131857
