Model,RMSE,MAE,r2
XGBoost,0.4165305260716144,0.2028839436016547,0.9973567869537875
Lasso,2.0888551770468218,1.562363634395244,0.9335254874756318
