Model,RMSE,MAE,r2
XGBoost,0.4215120988464807,0.21193219534722949,0.9972931849076929
Lasso,2.0888551770468218,1.562363634395244,0.9335254874756318
