Model,RMSE,MAE,r2
XGBoost,0.42319646457591814,0.21224243026839174,0.997271508775393
Lasso,2.0888420003982695,1.5623530494472417,0.9335263261249898
