Test,window_size,window_start,p_value,accept,stat_obs,stat_crit
"Gap_Test( [ 0.1 , 0.4 ] )",1000,0,0.14506405013707613,True,13.406366865594483,16.918977604620448
Chi2_Test(k=10),1000,0,0.554420435872857,True,7.8,16.918977604620448
K-S_Test,1000,0,0.8630805256349188,True,0.6009062461832049,1.3580986393225505
Maximum_Test ( t=5 ),1000,0,0.6850014693004809,True,0.7156786100794126,1.3580986393225505
Poker_Test(t=5),1000,0,0.0,False,431.08542520491807,7.814727903251179
